photo_id,created_at,updated_at
201,"2016-04-23 03:09:57.302325","2016-04-23 03:09:57.302325"
201,"2016-04-23 03:09:58.755234","2016-04-23 03:09:58.755234"
250,"2016-04-23 03:10:06.593551","2016-04-23 03:10:06.593551"
250,"2016-04-23 03:10:08.203579","2016-04-23 03:10:08.203579"
201,"2016-04-23 03:10:18.386579","2016-04-23 03:10:18.386579"
250,"2016-04-23 03:11:22.444724","2016-04-23 03:11:22.444724"
250,"2016-04-23 03:11:24.334587","2016-04-23 03:11:24.334587"
250,"2016-04-23 03:18:25.940744","2016-04-23 03:18:25.940744"
201,"2016-04-23 03:18:27.461803","2016-04-23 03:18:27.461803"
250,"2016-04-23 03:18:28.980235","2016-04-23 03:18:28.980235"
201,"2016-04-23 03:18:30.725514","2016-04-23 03:18:30.725514"
250,"2016-04-23 03:18:32.338694","2016-04-23 03:18:32.338694"
250,"2016-04-23 03:18:33.739279","2016-04-23 03:18:33.739279"
201,"2016-04-23 03:18:35.627992","2016-04-23 03:18:35.627992"
201,"2016-04-23 03:18:36.952462","2016-04-23 03:18:36.952462"
201,"2016-04-23 03:18:38.290585","2016-04-23 03:18:38.290585"
201,"2016-04-23 03:18:39.626126","2016-04-23 03:18:39.626126"
201,"2016-04-23 03:18:41.030472","2016-04-23 03:18:41.030472"
250,"2016-04-23 03:18:44.175067","2016-04-23 03:18:44.175067"
250,"2016-04-23 03:18:45.523853","2016-04-23 03:18:45.523853"
201,"2016-04-23 03:18:48.082352","2016-04-23 03:18:48.082352"
250,"2016-04-23 03:18:52.026686","2016-04-23 03:18:52.026686"
250,"2016-04-23 03:36:52.492444","2016-04-23 03:36:52.492444"
201,"2016-04-23 03:36:54.599888","2016-04-23 03:36:54.599888"
201,"2016-04-23 03:36:56.182602","2016-04-23 03:36:56.182602"
201,"2016-04-23 03:36:59.162181","2016-04-23 03:36:59.162181"
201,"2016-04-23 03:37:02.228427","2016-04-23 03:37:02.228427"
250,"2016-04-23 03:37:20.489218","2016-04-23 03:37:20.489218"
201,"2016-04-23 03:37:32.070718","2016-04-23 03:37:32.070718"
201,"2016-04-23 03:37:34.622694","2016-04-23 03:37:34.622694"
250,"2016-04-23 03:39:09.417280","2016-04-23 03:39:09.417280"
250,"2016-04-23 03:39:11.922847","2016-04-23 03:39:11.922847"
205,"2016-04-23 14:32:24.284075","2016-04-23 14:32:24.284075"
250,"2016-04-23 14:32:26.724266","2016-04-23 14:32:26.724266"
250,"2016-04-23 15:06:31.627967","2016-04-23 15:06:31.627967"
205,"2016-04-23 15:26:21.287396","2016-04-23 15:26:21.287396"
250,"2016-04-23 15:26:25.225246","2016-04-23 15:26:25.225246"
205,"2016-04-23 16:15:16.266541","2016-04-23 16:15:16.266541"
250,"2016-04-23 16:15:18.554475","2016-04-23 16:15:18.554475"
205,"2016-04-23 16:52:58.466745","2016-04-23 16:52:58.466745"
205,"2016-04-23 16:53:20.239614","2016-04-23 16:53:20.239614"
250,"2016-04-23 17:05:50.028229","2016-04-23 17:05:50.028229"
250,"2016-04-23 17:19:38.473650","2016-04-23 17:19:38.473650"
250,"2016-04-23 17:19:40.921756","2016-04-23 17:19:40.921756"
250,"2016-04-23 17:19:42.087788","2016-04-23 17:19:42.087788"
250,"2016-04-23 17:19:43.383570","2016-04-23 17:19:43.383570"
250,"2016-04-23 17:21:25.182282","2016-04-23 17:21:25.182282"
250,"2016-04-23 17:22:48.467319","2016-04-23 17:22:48.467319"
205,"2016-04-23 17:23:29.220737","2016-04-23 17:23:29.220737"
205,"2016-04-23 17:56:48.324843","2016-04-23 17:56:48.324843"
205,"2016-04-23 17:59:20.352792","2016-04-23 17:59:20.352792"
205,"2016-04-23 18:29:40.985842","2016-04-23 18:29:40.985842"
250,"2016-04-23 18:52:13.379467","2016-04-23 18:52:13.379467"
205,"2016-04-23 19:05:34.415911","2016-04-23 19:05:34.415911"
205,"2016-04-23 19:43:05.844879","2016-04-23 19:43:05.844879"
205,"2016-04-23 19:46:10.246489","2016-04-23 19:46:10.246489"
205,"2016-04-23 21:25:22.811787","2016-04-23 21:25:22.811787"
205,"2016-04-23 22:05:34.123626","2016-04-23 22:05:34.123626"
205,"2016-04-23 22:07:16.319815","2016-04-23 22:07:16.319815"
250,"2016-04-23 22:09:24.708539","2016-04-23 22:09:24.708539"
205,"2016-04-23 22:16:15.007650","2016-04-23 22:16:15.007650"
250,"2016-04-23 22:16:27.351038","2016-04-23 22:16:27.351038"
205,"2016-04-23 22:16:36.570089","2016-04-23 22:16:36.570089"
250,"2016-04-23 22:16:41.042859","2016-04-23 22:16:41.042859"
250,"2016-04-23 22:16:55.438457","2016-04-23 22:16:55.438457"
250,"2016-04-23 22:17:02.333714","2016-04-23 22:17:02.333714"
250,"2016-04-23 22:19:34.880299","2016-04-23 22:19:34.880299"
250,"2016-04-23 22:36:56.014638","2016-04-23 22:36:56.014638"
240,"2016-04-24 01:00:50.716024","2016-04-24 01:00:50.716024"
253,"2016-04-24 01:01:41.094446","2016-04-24 01:01:41.094446"
250,"2016-04-24 01:18:48.808290","2016-04-24 01:18:48.808290"
205,"2016-04-24 01:22:51.762943","2016-04-24 01:22:51.762943"
205,"2016-04-24 01:24:00.132658","2016-04-24 01:24:00.132658"
205,"2016-04-24 01:24:18.407538","2016-04-24 01:24:18.407538"
205,"2016-04-24 01:29:53.528697","2016-04-24 01:29:53.528697"
253,"2016-04-24 01:51:37.739306","2016-04-24 01:51:37.739306"
253,"2016-04-24 02:22:54.272234","2016-04-24 02:22:54.272234"
253,"2016-04-24 02:37:19.687590","2016-04-24 02:37:19.687590"
253,"2016-04-24 02:37:49.874458","2016-04-24 02:37:49.874458"
240,"2016-04-24 02:57:57.713467","2016-04-24 02:57:57.713467"
240,"2016-04-24 03:33:48.252485","2016-04-24 03:33:48.252485"
253,"2016-04-24 15:53:51.605601","2016-04-24 15:53:51.605601"
253,"2016-04-24 15:54:05.731702","2016-04-24 15:54:05.731702"
253,"2016-04-24 15:54:25.093064","2016-04-24 15:54:25.093064"
253,"2016-04-24 17:13:23.471043","2016-04-24 17:13:23.471043"
253,"2016-04-24 17:34:47.318002","2016-04-24 17:34:47.318002"
253,"2016-04-24 17:38:58.495318","2016-04-24 17:38:58.495318"
253,"2016-04-24 17:40:27.852787","2016-04-24 17:40:27.852787"
240,"2016-04-24 17:54:10.216326","2016-04-24 17:54:10.216326"
240,"2016-04-24 17:55:05.269609","2016-04-24 17:55:05.269609"
253,"2016-04-24 17:56:13.579315","2016-04-24 17:56:13.579315"
240,"2016-04-24 17:56:51.294440","2016-04-24 17:56:51.294440"
253,"2016-04-24 17:58:26.490901","2016-04-24 17:58:26.490901"
253,"2016-04-24 18:00:02.448159","2016-04-24 18:00:02.448159"
253,"2016-04-24 18:01:14.176611","2016-04-24 18:01:14.176611"
253,"2016-04-24 18:07:27.486721","2016-04-24 18:07:27.486721"
253,"2016-04-24 18:10:14.696456","2016-04-24 18:10:14.696456"
253,"2016-04-24 18:20:12.774366","2016-04-24 18:20:12.774366"
253,"2016-04-24 18:21:05.204955","2016-04-24 18:21:05.204955"
240,"2016-04-24 18:36:35.749059","2016-04-24 18:36:35.749059"
253,"2016-04-24 19:57:22.357026","2016-04-24 19:57:22.357026"
253,"2016-04-24 20:00:43.857541","2016-04-24 20:00:43.857541"
240,"2016-04-24 20:15:36.809966","2016-04-24 20:15:36.809966"
253,"2016-04-24 21:48:27.065162","2016-04-24 21:48:27.065162"
253,"2016-04-24 21:50:59.061906","2016-04-24 21:50:59.061906"
220,"2016-04-22 04:15:01.223452","2016-04-25 04:31:38.374688"
220,"2016-04-22 04:15:01.223453","2016-04-25 04:31:38.388271"
220,"2016-04-22 04:15:01.223454","2016-04-25 04:31:38.397242"
220,"2016-04-22 04:15:01.223455","2016-04-25 04:31:38.407305"
220,"2016-04-22 04:15:01.223456","2016-04-25 04:31:38.417060"
220,"2016-04-22 04:15:01.223457","2016-04-25 04:31:38.426826"
220,"2016-04-22 04:15:01.223458","2016-04-25 04:31:38.436555"
220,"2016-04-22 04:15:01.223459","2016-04-25 04:31:38.445624"
220,"2016-04-22 04:15:01.223460","2016-04-25 04:31:38.456561"
220,"2016-04-22 04:15:01.223461","2016-04-25 04:31:38.468068"
220,"2016-04-22 04:15:01.223462","2016-04-25 04:31:38.476914"
220,"2016-04-22 04:15:01.223463","2016-04-25 04:31:38.489525"
220,"2016-04-22 04:15:01.223464","2016-04-25 04:31:38.499692"
220,"2016-04-22 04:15:01.223465","2016-04-25 04:31:38.509271"
220,"2016-04-22 04:15:01.223466","2016-04-25 04:31:38.524482"
220,"2016-04-22 04:15:01.223467","2016-04-25 04:31:38.547341"
220,"2016-04-22 04:15:01.223468","2016-04-25 04:31:38.556035"
220,"2016-04-22 04:15:01.223469","2016-04-25 04:31:38.565608"
220,"2016-04-22 04:15:01.223470","2016-04-25 04:31:38.580346"
220,"2016-04-22 04:15:01.223471","2016-04-25 04:31:38.595930"
220,"2016-04-22 04:15:01.223472","2016-04-25 04:31:38.605376"
220,"2016-04-22 04:15:01.223473","2016-04-25 04:31:38.622135"
220,"2016-04-22 04:15:01.223474","2016-04-25 04:31:38.631217"
220,"2016-04-22 04:15:01.223475","2016-04-25 04:31:38.640182"
220,"2016-04-22 04:15:01.223476","2016-04-25 04:31:38.650684"
220,"2016-04-22 04:15:01.223477","2016-04-25 04:31:38.665262"
220,"2016-04-22 04:15:01.223478","2016-04-25 04:31:38.691145"
220,"2016-04-22 04:15:01.223479","2016-04-25 04:31:38.706102"
220,"2016-04-22 04:15:01.223480","2016-04-25 04:31:38.720566"
220,"2016-04-22 04:15:01.223481","2016-04-25 04:31:38.730363"
220,"2016-04-22 04:15:01.223482","2016-04-25 04:31:38.740110"
220,"2016-04-22 04:15:01.223483","2016-04-25 04:31:38.755435"
220,"2016-04-22 04:15:01.223484","2016-04-25 04:31:38.765717"
220,"2016-04-22 04:15:01.223485","2016-04-25 04:31:38.774373"
220,"2016-04-22 04:15:01.223486","2016-04-25 04:31:38.783242"
220,"2016-04-22 04:15:01.223487","2016-04-25 04:31:38.792969"
220,"2016-04-22 04:15:01.223488","2016-04-25 04:31:38.802385"
220,"2016-04-22 04:15:01.223489","2016-04-25 04:31:38.811920"
220,"2016-04-22 04:15:01.223490","2016-04-25 04:31:38.821638"
220,"2016-04-22 04:15:01.223491","2016-04-25 04:31:38.832863"
220,"2016-04-22 04:15:01.223492","2016-04-25 04:31:38.841574"
220,"2016-04-22 04:15:01.223493","2016-04-25 04:31:38.850373"
220,"2016-04-22 04:15:01.223494","2016-04-25 04:31:38.860179"
220,"2016-04-22 04:15:01.223495","2016-04-25 04:31:38.869711"
220,"2016-04-22 04:15:01.223496","2016-04-25 04:31:38.879440"
220,"2016-04-22 04:15:01.223497","2016-04-25 04:31:38.888613"
220,"2016-04-22 04:15:01.223498","2016-04-25 04:31:38.898502"
220,"2016-04-22 04:15:01.223499","2016-04-25 04:31:38.907518"
220,"2016-04-22 04:15:01.223500","2016-04-25 04:31:38.917751"
220,"2016-04-22 04:15:01.223501","2016-04-25 04:31:38.933391"
220,"2016-04-22 04:15:01.223502","2016-04-25 04:31:38.948713"
220,"2016-04-22 04:15:01.223503","2016-04-25 04:31:38.959026"
220,"2016-04-22 04:15:01.223504","2016-04-25 04:31:38.967781"
220,"2016-04-22 04:15:01.223505","2016-04-25 04:31:38.978166"
220,"2016-04-22 04:15:01.223506","2016-04-25 04:31:39.000207"
220,"2016-04-22 04:15:01.223507","2016-04-25 04:31:39.026532"
220,"2016-04-22 04:15:01.223508","2016-04-25 04:31:39.035599"
220,"2016-04-22 04:15:01.223509","2016-04-25 04:31:39.044681"
220,"2016-04-22 04:15:01.223510","2016-04-25 04:31:39.054887"
220,"2016-04-22 04:15:01.223511","2016-04-25 04:31:39.069531"
220,"2016-04-22 04:15:01.223512","2016-04-25 04:31:39.096548"
220,"2016-04-22 04:15:01.223513","2016-04-25 04:31:39.106340"
220,"2016-04-22 04:15:01.223514","2016-04-25 04:31:39.116085"
220,"2016-04-22 04:15:01.223515","2016-04-25 04:31:39.126395"
220,"2016-04-22 04:15:01.223516","2016-04-25 04:31:39.136245"
220,"2016-04-22 04:15:01.223517","2016-04-25 04:31:39.145647"
220,"2016-04-22 04:15:01.223518","2016-04-25 04:31:39.154660"
220,"2016-04-22 04:15:01.223519","2016-04-25 04:31:39.163881"
220,"2016-04-22 04:15:01.223520","2016-04-25 04:31:39.173419"
220,"2016-04-22 04:15:01.223521","2016-04-25 04:31:39.183768"
220,"2016-04-22 04:15:01.223522","2016-04-25 04:31:39.193881"
220,"2016-04-22 04:15:01.223523","2016-04-25 04:31:39.206281"
220,"2016-04-22 04:15:01.223524","2016-04-25 04:31:39.221649"
220,"2016-04-22 04:15:01.223525","2016-04-25 04:31:39.236902"
220,"2016-04-22 04:15:01.223526","2016-04-25 04:31:39.246198"
220,"2016-04-22 04:15:01.223527","2016-04-25 04:31:39.255930"
220,"2016-04-22 04:15:01.223528","2016-04-25 04:31:39.264807"
220,"2016-04-22 04:15:01.223529","2016-04-25 04:31:39.274664"
220,"2016-04-22 04:15:01.223530","2016-04-25 04:31:39.284242"
220,"2016-04-22 04:15:01.223531","2016-04-25 04:31:39.293320"
220,"2016-04-22 04:15:01.223532","2016-04-25 04:31:39.316218"
220,"2016-04-22 04:15:01.223533","2016-04-25 04:31:39.324842"
220,"2016-04-22 04:15:01.223534","2016-04-25 04:31:39.335406"
220,"2016-04-22 04:15:01.223535","2016-04-25 04:31:39.344245"
220,"2016-04-22 04:15:01.223536","2016-04-25 04:31:39.355643"
220,"2016-04-22 04:15:01.223537","2016-04-25 04:31:39.365211"
220,"2016-04-22 04:15:01.223538","2016-04-25 04:31:39.374136"
220,"2016-04-22 04:15:01.223539","2016-04-25 04:31:39.384359"
220,"2016-04-22 04:15:01.223540","2016-04-25 04:31:39.400731"
220,"2016-04-22 04:15:01.223541","2016-04-25 04:31:39.410302"
260,"2016-04-21 04:15:01.223452","2016-04-25 04:32:03.206445"
260,"2016-04-21 04:15:01.223453","2016-04-25 04:32:03.218678"
260,"2016-04-21 04:15:01.223454","2016-04-25 04:32:03.228323"
260,"2016-04-21 04:15:01.223455","2016-04-25 04:32:03.237963"
260,"2016-04-21 04:15:01.223456","2016-04-25 04:32:03.247024"
260,"2016-04-21 04:15:01.223457","2016-04-25 04:32:03.256521"
260,"2016-04-21 04:15:01.223458","2016-04-25 04:32:03.265370"
260,"2016-04-21 04:15:01.223459","2016-04-25 04:32:03.274121"
260,"2016-04-21 04:15:01.223460","2016-04-25 04:32:03.282854"
260,"2016-04-21 04:15:01.223461","2016-04-25 04:32:03.294074"
260,"2016-04-21 04:15:01.223462","2016-04-25 04:32:03.306785"
260,"2016-04-21 04:15:01.223463","2016-04-25 04:32:03.316434"
260,"2016-04-21 04:15:01.223464","2016-04-25 04:32:03.331742"
260,"2016-04-21 04:15:01.223465","2016-04-25 04:32:03.346631"
260,"2016-04-21 04:15:01.223466","2016-04-25 04:32:03.361797"
260,"2016-04-21 04:15:01.223467","2016-04-25 04:32:03.383842"
260,"2016-04-21 04:15:01.223468","2016-04-25 04:32:03.399652"
260,"2016-04-21 04:15:01.223469","2016-04-25 04:32:03.415057"
260,"2016-04-21 04:15:01.223470","2016-04-25 04:32:03.424016"
260,"2016-04-21 04:15:01.223471","2016-04-25 04:32:03.432479"
260,"2016-04-21 04:15:01.223472","2016-04-25 04:32:03.442230"
260,"2016-04-21 04:15:01.223473","2016-04-25 04:32:03.452812"
260,"2016-04-21 04:15:01.223474","2016-04-25 04:32:03.463727"
260,"2016-04-21 04:15:01.223475","2016-04-25 04:32:03.473873"
260,"2016-04-21 04:15:01.223476","2016-04-25 04:32:03.490725"
260,"2016-04-21 04:15:01.223477","2016-04-25 04:32:03.505918"
260,"2016-04-21 04:15:01.223478","2016-04-25 04:32:03.529260"
260,"2016-04-21 04:15:01.223479","2016-04-25 04:32:03.538448"
260,"2016-04-21 04:15:01.223480","2016-04-25 04:32:03.547020"
260,"2016-04-21 04:15:01.223481","2016-04-25 04:32:03.556467"
260,"2016-04-21 04:15:01.223482","2016-04-25 04:32:03.570859"
260,"2016-04-21 04:15:01.223483","2016-04-25 04:32:03.591954"
260,"2016-04-21 04:15:01.223484","2016-04-25 04:32:03.607373"
260,"2016-04-21 04:15:01.223485","2016-04-25 04:32:03.623283"
260,"2016-04-21 04:15:01.223486","2016-04-25 04:32:03.635832"
260,"2016-04-21 04:15:01.223487","2016-04-25 04:32:03.644631"
260,"2016-04-21 04:15:01.223488","2016-04-25 04:32:03.661833"
260,"2016-04-21 04:15:01.223489","2016-04-25 04:32:03.670626"
260,"2016-04-21 04:15:01.223490","2016-04-25 04:32:03.680067"
260,"2016-04-21 04:15:01.223491","2016-04-25 04:32:03.690560"
260,"2016-04-21 04:15:01.223492","2016-04-25 04:32:03.699684"
260,"2016-04-21 04:15:01.223493","2016-04-25 04:32:03.708186"
260,"2016-04-21 04:15:01.223494","2016-04-25 04:32:03.716878"
260,"2016-04-21 04:15:01.223495","2016-04-25 04:32:03.726779"
260,"2016-04-21 04:15:01.223496","2016-04-25 04:32:03.736445"
260,"2016-04-21 04:15:01.223497","2016-04-25 04:32:03.745959"
260,"2016-04-21 04:15:01.223498","2016-04-25 04:32:03.755608"
260,"2016-04-21 04:15:01.223499","2016-04-25 04:32:03.764264"
260,"2016-04-21 04:15:01.223500","2016-04-25 04:32:03.772874"
260,"2016-04-21 04:15:01.223501","2016-04-25 04:32:03.782122"
260,"2016-04-21 04:15:01.223502","2016-04-25 04:32:03.797859"
260,"2016-04-21 04:15:01.223503","2016-04-25 04:32:03.812911"
260,"2016-04-21 04:15:01.223504","2016-04-25 04:32:03.822531"
260,"2016-04-21 04:15:01.223505","2016-04-25 04:32:03.831470"
260,"2016-04-21 04:15:01.223506","2016-04-25 04:32:03.845424"
260,"2016-04-21 04:15:01.223507","2016-04-25 04:32:03.868433"
260,"2016-04-21 04:15:01.223508","2016-04-25 04:32:03.879213"
260,"2016-04-21 04:15:01.223509","2016-04-25 04:32:03.889504"
260,"2016-04-21 04:15:01.223510","2016-04-25 04:32:03.905008"
260,"2016-04-21 04:15:01.223511","2016-04-25 04:32:03.925169"
260,"2016-04-21 04:15:01.223512","2016-04-25 04:32:03.934971"
260,"2016-04-21 04:15:01.223513","2016-04-25 04:32:03.947612"
260,"2016-04-21 04:15:01.223514","2016-04-25 04:32:03.957728"
260,"2016-04-21 04:15:01.223515","2016-04-25 04:32:03.966722"
260,"2016-04-21 04:15:01.223516","2016-04-25 04:32:03.976559"
260,"2016-04-21 04:15:01.223517","2016-04-25 04:32:03.986131"
260,"2016-04-21 04:15:01.223518","2016-04-25 04:32:03.995132"
260,"2016-04-21 04:15:01.223519","2016-04-25 04:32:04.003711"
260,"2016-04-21 04:15:01.223520","2016-04-25 04:32:04.013203"
260,"2016-04-21 04:15:01.223521","2016-04-25 04:32:04.026084"
260,"2016-04-21 04:15:01.223522","2016-04-25 04:32:04.044617"
260,"2016-04-21 04:15:01.223523","2016-04-25 04:32:04.053931"
260,"2016-04-21 04:15:01.223524","2016-04-25 04:32:04.063448"
260,"2016-04-21 04:15:01.223525","2016-04-25 04:32:04.081845"
260,"2016-04-21 04:15:01.223526","2016-04-25 04:32:04.091709"
260,"2016-04-21 04:15:01.223527","2016-04-25 04:32:04.100725"
260,"2016-04-21 04:15:01.223528","2016-04-25 04:32:04.110637"
260,"2016-04-21 04:15:01.223529","2016-04-25 04:32:04.120139"
260,"2016-04-21 04:15:01.223530","2016-04-25 04:32:04.130007"
260,"2016-04-21 04:15:01.223531","2016-04-25 04:32:04.139253"
260,"2016-04-21 04:15:01.223532","2016-04-25 04:32:04.155717"
260,"2016-04-21 04:15:01.223533","2016-04-25 04:32:04.167072"
260,"2016-04-21 04:15:01.223534","2016-04-25 04:32:04.182811"
260,"2016-04-21 04:15:01.223535","2016-04-25 04:32:04.198310"
260,"2016-04-21 04:15:01.223536","2016-04-25 04:32:04.210684"
260,"2016-04-21 04:15:01.223537","2016-04-25 04:32:04.220308"
260,"2016-04-21 04:15:01.223538","2016-04-25 04:32:04.229590"
260,"2016-04-21 04:15:01.223539","2016-04-25 04:32:04.245678"
260,"2016-04-21 04:15:01.223540","2016-04-25 04:32:04.254467"
260,"2016-04-21 04:15:01.223541","2016-04-25 04:32:04.263458"
230,"2016-04-20 04:15:01.223452","2016-04-25 04:32:28.739192"
230,"2016-04-20 04:15:01.223453","2016-04-25 04:32:28.750810"
230,"2016-04-20 04:15:01.223454","2016-04-25 04:32:28.765895"
230,"2016-04-20 04:15:01.223455","2016-04-25 04:32:28.775432"
230,"2016-04-20 04:15:01.223456","2016-04-25 04:32:28.784531"
230,"2016-04-20 04:15:01.223457","2016-04-25 04:32:28.800218"
230,"2016-04-20 04:15:01.223458","2016-04-25 04:32:28.810087"
230,"2016-04-20 04:15:01.223459","2016-04-25 04:32:28.818723"
230,"2016-04-20 04:15:01.223460","2016-04-25 04:32:28.828397"
230,"2016-04-20 04:15:01.223461","2016-04-25 04:32:28.839837"
230,"2016-04-20 04:15:01.223462","2016-04-25 04:32:28.853233"
230,"2016-04-20 04:15:01.223463","2016-04-25 04:32:28.865046"
230,"2016-04-20 04:15:01.223464","2016-04-25 04:32:28.874212"
230,"2016-04-20 04:15:01.223465","2016-04-25 04:32:28.890117"
230,"2016-04-20 04:15:01.223466","2016-04-25 04:32:28.900157"
230,"2016-04-20 04:15:01.223467","2016-04-25 04:32:28.910213"
230,"2016-04-20 04:15:01.223468","2016-04-25 04:32:28.918905"
230,"2016-04-20 04:15:01.223469","2016-04-25 04:32:28.934835"
230,"2016-04-20 04:15:01.223470","2016-04-25 04:32:28.943184"
230,"2016-04-20 04:15:01.223471","2016-04-25 04:32:28.951891"
230,"2016-04-20 04:15:01.223472","2016-04-25 04:32:28.961899"
230,"2016-04-20 04:15:01.223473","2016-04-25 04:32:28.971014"
230,"2016-04-20 04:15:01.223474","2016-04-25 04:32:28.981317"
230,"2016-04-20 04:15:01.223475","2016-04-25 04:32:28.991137"
230,"2016-04-20 04:15:01.223476","2016-04-25 04:32:29.001702"
230,"2016-04-20 04:15:01.223477","2016-04-25 04:32:29.011044"
230,"2016-04-20 04:15:01.223478","2016-04-25 04:32:29.020715"
230,"2016-04-20 04:15:01.223479","2016-04-25 04:32:29.031294"
230,"2016-04-20 04:15:01.223480","2016-04-25 04:32:29.040408"
230,"2016-04-20 04:15:01.223481","2016-04-25 04:32:29.049188"
230,"2016-04-20 04:15:01.223482","2016-04-25 04:32:29.063076"
230,"2016-04-20 04:15:01.223483","2016-04-25 04:32:29.072096"
230,"2016-04-20 04:15:01.223484","2016-04-25 04:32:29.082863"
230,"2016-04-20 04:15:01.223485","2016-04-25 04:32:29.098735"
230,"2016-04-20 04:15:01.223486","2016-04-25 04:32:29.109910"
230,"2016-04-20 04:15:01.223487","2016-04-25 04:32:29.120247"
230,"2016-04-20 04:15:01.223488","2016-04-25 04:32:29.129544"
230,"2016-04-20 04:15:01.223489","2016-04-25 04:32:29.138808"
230,"2016-04-20 04:15:01.223490","2016-04-25 04:32:29.147566"
230,"2016-04-20 04:15:01.223491","2016-04-25 04:32:29.169676"
230,"2016-04-20 04:15:01.223492","2016-04-25 04:32:29.185027"
230,"2016-04-20 04:15:01.223493","2016-04-25 04:32:29.194170"
230,"2016-04-20 04:15:01.223494","2016-04-25 04:32:29.203116"
230,"2016-04-20 04:15:01.223495","2016-04-25 04:32:29.212372"
230,"2016-04-20 04:15:01.223496","2016-04-25 04:32:29.221990"
230,"2016-04-20 04:15:01.223497","2016-04-25 04:32:29.243890"
230,"2016-04-20 04:15:01.223498","2016-04-25 04:32:29.258298"
230,"2016-04-20 04:15:01.223499","2016-04-25 04:32:29.273855"
230,"2016-04-20 04:15:01.223500","2016-04-25 04:32:29.284517"
230,"2016-04-20 04:15:01.223501","2016-04-25 04:32:29.299870"
230,"2016-04-20 04:15:01.223502","2016-04-25 04:32:29.308757"
230,"2016-04-20 04:15:01.223503","2016-04-25 04:32:29.317844"
230,"2016-04-20 04:15:01.223504","2016-04-25 04:32:29.327281"
230,"2016-04-20 04:15:01.223505","2016-04-25 04:32:29.336019"
230,"2016-04-20 04:15:01.223506","2016-04-25 04:32:29.347214"
230,"2016-04-20 04:15:01.223507","2016-04-25 04:32:29.363019"
230,"2016-04-20 04:15:01.223508","2016-04-25 04:32:29.372442"
230,"2016-04-20 04:15:01.223509","2016-04-25 04:32:29.381166"
230,"2016-04-20 04:15:01.223510","2016-04-25 04:32:29.390200"
230,"2016-04-20 04:15:01.223511","2016-04-25 04:32:29.399517"
230,"2016-04-20 04:15:01.223512","2016-04-25 04:32:29.408446"
230,"2016-04-20 04:15:01.223513","2016-04-25 04:32:29.417293"
230,"2016-04-20 04:15:01.223514","2016-04-25 04:32:29.425828"
230,"2016-04-20 04:15:01.223515","2016-04-25 04:32:29.435054"
230,"2016-04-20 04:15:01.223516","2016-04-25 04:32:29.450987"
230,"2016-04-20 04:15:01.223517","2016-04-25 04:32:29.466727"
230,"2016-04-20 04:15:01.223518","2016-04-25 04:32:29.482690"
230,"2016-04-20 04:15:01.223519","2016-04-25 04:32:29.491361"
230,"2016-04-20 04:15:01.223520","2016-04-25 04:32:29.500640"
230,"2016-04-20 04:15:01.223521","2016-04-25 04:32:29.512214"
230,"2016-04-20 04:15:01.223522","2016-04-25 04:32:29.522026"
230,"2016-04-20 04:15:01.223523","2016-04-25 04:32:29.531750"
230,"2016-04-20 04:15:01.223524","2016-04-25 04:32:29.541268"
230,"2016-04-20 04:15:01.223525","2016-04-25 04:32:29.550088"
230,"2016-04-20 04:15:01.223526","2016-04-25 04:32:29.559289"
230,"2016-04-20 04:15:01.223527","2016-04-25 04:32:29.572504"
230,"2016-04-20 04:15:01.223528","2016-04-25 04:32:29.587885"
230,"2016-04-20 04:15:01.223529","2016-04-25 04:32:29.597408"
230,"2016-04-20 04:15:01.223530","2016-04-25 04:32:29.612713"
230,"2016-04-20 04:15:01.223531","2016-04-25 04:32:29.628121"
230,"2016-04-20 04:15:01.223532","2016-04-25 04:32:29.637303"
230,"2016-04-20 04:15:01.223533","2016-04-25 04:32:29.647417"
230,"2016-04-20 04:15:01.223534","2016-04-25 04:32:29.656407"
230,"2016-04-20 04:15:01.223535","2016-04-25 04:32:29.665705"
230,"2016-04-20 04:15:01.223536","2016-04-25 04:32:29.690896"
230,"2016-04-20 04:15:01.223537","2016-04-25 04:32:29.705057"
230,"2016-04-20 04:15:01.223538","2016-04-25 04:32:29.719304"
230,"2016-04-20 04:15:01.223539","2016-04-25 04:32:29.728119"
230,"2016-04-20 04:15:01.223540","2016-04-25 04:32:29.753942"
230,"2016-04-20 04:15:01.223541","2016-04-25 04:32:29.762978"
276,"2016-04-19 04:15:01.223452","2016-04-25 04:32:59.747701"
276,"2016-04-19 04:15:01.223453","2016-04-25 04:32:59.759746"
276,"2016-04-19 04:15:01.223454","2016-04-25 04:32:59.768256"
276,"2016-04-19 04:15:01.223455","2016-04-25 04:32:59.777823"
276,"2016-04-19 04:15:01.223456","2016-04-25 04:32:59.786994"
276,"2016-04-19 04:15:01.223457","2016-04-25 04:32:59.795960"
276,"2016-04-19 04:15:01.223458","2016-04-25 04:32:59.804605"
276,"2016-04-19 04:15:01.223459","2016-04-25 04:32:59.813517"
276,"2016-04-19 04:15:01.223460","2016-04-25 04:32:59.822458"
276,"2016-04-19 04:15:01.223461","2016-04-25 04:32:59.834720"
276,"2016-04-19 04:15:01.223462","2016-04-25 04:32:59.844351"
276,"2016-04-19 04:15:01.223463","2016-04-25 04:32:59.875279"
276,"2016-04-19 04:15:01.223464","2016-04-25 04:32:59.890075"
276,"2016-04-19 04:15:01.223465","2016-04-25 04:32:59.911298"
276,"2016-04-19 04:15:01.223466","2016-04-25 04:32:59.920287"
276,"2016-04-19 04:15:01.223467","2016-04-25 04:32:59.941996"
276,"2016-04-19 04:15:01.223468","2016-04-25 04:32:59.950888"
276,"2016-04-19 04:15:01.223469","2016-04-25 04:32:59.966283"
276,"2016-04-19 04:15:01.223470","2016-04-25 04:32:59.975543"
276,"2016-04-19 04:15:01.223471","2016-04-25 04:32:59.985378"
276,"2016-04-19 04:15:01.223472","2016-04-25 04:32:59.995148"
276,"2016-04-19 04:15:01.223473","2016-04-25 04:33:00.004937"
276,"2016-04-19 04:15:01.223474","2016-04-25 04:33:00.013263"
276,"2016-04-19 04:15:01.223475","2016-04-25 04:33:00.022822"
276,"2016-04-19 04:15:01.223476","2016-04-25 04:33:00.037335"
276,"2016-04-19 04:15:01.223477","2016-04-25 04:33:00.046650"
276,"2016-04-19 04:15:01.223478","2016-04-25 04:33:00.055751"
276,"2016-04-19 04:15:01.223479","2016-04-25 04:33:00.065550"
276,"2016-04-19 04:15:01.223480","2016-04-25 04:33:00.074304"
276,"2016-04-19 04:15:01.223481","2016-04-25 04:33:00.083325"
276,"2016-04-19 04:15:01.223482","2016-04-25 04:33:00.092757"
276,"2016-04-19 04:15:01.223483","2016-04-25 04:33:00.101931"
276,"2016-04-19 04:15:01.223484","2016-04-25 04:33:00.111159"
276,"2016-04-19 04:15:01.223485","2016-04-25 04:33:00.119835"
276,"2016-04-19 04:15:01.223486","2016-04-25 04:33:00.128659"
276,"2016-04-19 04:15:01.223487","2016-04-25 04:33:00.137925"
276,"2016-04-19 04:15:01.223488","2016-04-25 04:33:00.146784"
276,"2016-04-19 04:15:01.223489","2016-04-25 04:33:00.155625"
276,"2016-04-19 04:15:01.223490","2016-04-25 04:33:00.175618"
276,"2016-04-19 04:15:01.223491","2016-04-25 04:33:00.192193"
276,"2016-04-19 04:15:01.223492","2016-04-25 04:33:00.201194"
276,"2016-04-19 04:15:01.223493","2016-04-25 04:33:00.211114"
276,"2016-04-19 04:15:01.223494","2016-04-25 04:33:00.220450"
276,"2016-04-19 04:15:01.223495","2016-04-25 04:33:00.232509"
276,"2016-04-19 04:15:01.223496","2016-04-25 04:33:00.242287"
276,"2016-04-19 04:15:01.223497","2016-04-25 04:33:00.251823"
276,"2016-04-19 04:15:01.223498","2016-04-25 04:33:00.270181"
276,"2016-04-19 04:15:01.223499","2016-04-25 04:33:00.285058"
276,"2016-04-19 04:15:01.223500","2016-04-25 04:33:00.295003"
276,"2016-04-19 04:15:01.223501","2016-04-25 04:33:00.309723"
276,"2016-04-19 04:15:01.223502","2016-04-25 04:33:00.318694"
276,"2016-04-19 04:15:01.223503","2016-04-25 04:33:00.327733"
276,"2016-04-19 04:15:01.223504","2016-04-25 04:33:00.336949"
276,"2016-04-19 04:15:01.223505","2016-04-25 04:33:00.352229"
276,"2016-04-19 04:15:01.223506","2016-04-25 04:33:00.362913"
276,"2016-04-19 04:15:01.223507","2016-04-25 04:33:00.371559"
276,"2016-04-19 04:15:01.223508","2016-04-25 04:33:00.386023"
276,"2016-04-19 04:15:01.223509","2016-04-25 04:33:00.401125"
276,"2016-04-19 04:15:01.223510","2016-04-25 04:33:00.410273"
276,"2016-04-19 04:15:01.223511","2016-04-25 04:33:00.419615"
276,"2016-04-19 04:15:01.223512","2016-04-25 04:33:00.428406"
276,"2016-04-19 04:15:01.223513","2016-04-25 04:33:00.437927"
276,"2016-04-19 04:15:01.223514","2016-04-25 04:33:00.446854"
276,"2016-04-19 04:15:01.223515","2016-04-25 04:33:00.455673"
276,"2016-04-19 04:15:01.223516","2016-04-25 04:33:00.465141"
276,"2016-04-19 04:15:01.223517","2016-04-25 04:33:00.474341"
276,"2016-04-19 04:15:01.223518","2016-04-25 04:33:00.489680"
276,"2016-04-19 04:15:01.223519","2016-04-25 04:33:00.504083"
276,"2016-04-19 04:15:01.223520","2016-04-25 04:33:00.531184"
276,"2016-04-19 04:15:01.223521","2016-04-25 04:33:00.559388"
276,"2016-04-19 04:15:01.223522","2016-04-25 04:33:00.568055"
276,"2016-04-19 04:15:01.223523","2016-04-25 04:33:00.577738"
276,"2016-04-19 04:15:01.223524","2016-04-25 04:33:00.593728"
276,"2016-04-19 04:15:01.223525","2016-04-25 04:33:00.603281"
276,"2016-04-19 04:15:01.223526","2016-04-25 04:33:00.612135"
276,"2016-04-19 04:15:01.223527","2016-04-25 04:33:00.621751"
276,"2016-04-19 04:15:01.223528","2016-04-25 04:33:00.630275"
276,"2016-04-19 04:15:01.223529","2016-04-25 04:33:00.638753"
276,"2016-04-19 04:15:01.223530","2016-04-25 04:33:00.648912"
276,"2016-04-19 04:15:01.223531","2016-04-25 04:33:00.657739"
276,"2016-04-19 04:15:01.223532","2016-04-25 04:33:00.666657"
276,"2016-04-19 04:15:01.223533","2016-04-25 04:33:00.682087"
276,"2016-04-19 04:15:01.223534","2016-04-25 04:33:00.692197"
276,"2016-04-19 04:15:01.223535","2016-04-25 04:33:00.700799"
276,"2016-04-19 04:15:01.223536","2016-04-25 04:33:00.712895"
276,"2016-04-19 04:15:01.223537","2016-04-25 04:33:00.721710"
276,"2016-04-19 04:15:01.223538","2016-04-25 04:33:00.731098"
276,"2016-04-19 04:15:01.223539","2016-04-25 04:33:00.740611"
276,"2016-04-19 04:15:01.223540","2016-04-25 04:33:00.755889"
276,"2016-04-19 04:15:01.223541","2016-04-25 04:33:00.765978"
276,"2016-04-19 04:15:01.223452","2016-05-03 04:06:27.667742"
276,"2016-04-19 04:15:01.223453","2016-05-03 04:06:27.749071"
276,"2016-04-19 04:15:01.223454","2016-05-03 04:06:27.815838"
276,"2016-04-19 04:15:01.223455","2016-05-03 04:06:27.882408"
276,"2016-04-19 04:15:01.223456","2016-05-03 04:06:27.941031"
276,"2016-04-19 04:15:01.223457","2016-05-03 04:06:27.998990"
276,"2016-04-19 04:15:01.223458","2016-05-03 04:06:28.065986"
276,"2016-04-19 04:15:01.223459","2016-05-03 04:06:28.124604"
276,"2016-04-19 04:15:01.223460","2016-05-03 04:06:28.199101"
276,"2016-04-19 04:15:01.223461","2016-05-03 04:06:28.257448"
276,"2016-04-19 04:15:01.223462","2016-05-03 04:06:28.358216"
276,"2016-04-19 04:15:01.223463","2016-05-03 04:06:28.432614"
276,"2016-04-19 04:15:01.223464","2016-05-03 04:06:28.499407"
276,"2016-04-19 04:15:01.223465","2016-05-03 04:06:28.582892"
276,"2016-04-19 04:15:01.223466","2016-05-03 04:06:28.657536"
276,"2016-04-19 04:15:01.223467","2016-05-03 04:06:28.724097"
276,"2016-04-19 04:15:01.223468","2016-05-03 04:06:28.790797"
276,"2016-04-19 04:15:01.223469","2016-05-03 04:06:28.857642"
276,"2016-04-19 04:15:01.223470","2016-05-03 04:06:28.932739"
276,"2016-04-19 04:15:01.223471","2016-05-03 04:06:28.999168"
276,"2016-04-19 04:15:01.223472","2016-05-03 04:06:29.065832"
276,"2016-04-19 04:15:01.223473","2016-05-03 04:06:29.132577"
276,"2016-04-19 04:15:01.223474","2016-05-03 04:06:29.208149"
276,"2016-04-19 04:15:01.223475","2016-05-03 04:06:29.283091"
276,"2016-04-19 04:15:01.223476","2016-05-03 04:06:29.357546"
276,"2016-04-19 04:15:01.223477","2016-05-03 04:06:29.457416"
276,"2016-04-19 04:15:01.223478","2016-05-03 04:06:29.541163"
276,"2016-04-19 04:15:01.223479","2016-05-03 04:06:29.607723"
276,"2016-04-19 04:15:01.223480","2016-05-03 04:06:29.674307"
276,"2016-04-19 04:15:01.223481","2016-05-03 04:06:29.757833"
276,"2016-04-19 04:15:01.223482","2016-05-03 04:06:29.832708"
276,"2016-04-19 04:15:01.223483","2016-05-03 04:06:29.907710"
276,"2016-04-19 04:15:01.223484","2016-05-03 04:06:30.016907"
276,"2016-04-19 04:15:01.223485","2016-05-03 04:06:30.100596"
276,"2016-04-19 04:15:01.223486","2016-05-03 04:06:30.185072"
276,"2016-04-19 04:15:01.223487","2016-05-03 04:06:30.259184"
276,"2016-04-19 04:15:01.223488","2016-05-03 04:06:30.334175"
276,"2016-04-19 04:15:01.223489","2016-05-03 04:06:30.409108"
276,"2016-04-19 04:15:01.223490","2016-05-03 04:06:30.484167"
276,"2016-04-19 04:15:01.223491","2016-05-03 04:06:30.560140"
276,"2016-04-19 04:15:01.223492","2016-05-03 04:06:30.669711"
276,"2016-04-19 04:15:01.223493","2016-05-03 04:06:30.734577"
276,"2016-04-19 04:15:01.223494","2016-05-03 04:06:30.800954"
276,"2016-04-19 04:15:01.223495","2016-05-03 04:06:30.859182"
276,"2016-04-19 04:15:01.223496","2016-05-03 04:06:30.917587"
276,"2016-04-19 04:15:01.223497","2016-05-03 04:06:30.984652"
276,"2016-04-19 04:15:01.223498","2016-05-03 04:06:31.059053"
276,"2016-04-19 04:15:01.223499","2016-05-03 04:06:31.125791"
276,"2016-04-19 04:15:01.223500","2016-05-03 04:06:31.192554"
276,"2016-04-19 04:15:01.223501","2016-05-03 04:06:31.259274"
276,"2016-04-19 04:15:01.223502","2016-05-03 04:06:31.325901"
276,"2016-04-19 04:15:01.223503","2016-05-03 04:06:31.392661"
276,"2016-04-19 04:15:01.223504","2016-05-03 04:06:31.460131"
276,"2016-04-19 04:15:01.223505","2016-05-03 04:06:31.550929"
276,"2016-04-19 04:15:01.223506","2016-05-03 04:06:31.617517"
276,"2016-04-19 04:15:01.223507","2016-05-03 04:06:31.734969"
276,"2016-04-19 04:15:01.223508","2016-05-03 04:06:31.818475"
276,"2016-04-19 04:15:01.223509","2016-05-03 04:06:31.892995"
276,"2016-04-19 04:15:01.223510","2016-05-03 04:06:31.959459"
276,"2016-04-19 04:15:01.223511","2016-05-03 04:06:32.026338"
276,"2016-04-19 04:15:01.223512","2016-05-03 04:06:32.093607"
276,"2016-04-19 04:15:01.223513","2016-05-03 04:06:32.177057"
276,"2016-04-19 04:15:01.223514","2016-05-03 04:06:32.252010"
276,"2016-04-19 04:15:01.223515","2016-05-03 04:06:32.325901"
276,"2016-04-19 04:15:01.223516","2016-05-03 04:06:32.393192"
276,"2016-04-19 04:15:01.223517","2016-05-03 04:06:32.459378"
276,"2016-04-19 04:15:01.223518","2016-05-03 04:06:32.534306"
276,"2016-04-19 04:15:01.223519","2016-05-03 04:06:32.601154"
276,"2016-04-19 04:15:01.223520","2016-05-03 04:06:32.677235"
276,"2016-04-19 04:15:01.223521","2016-05-03 04:06:32.742678"
276,"2016-04-19 04:15:01.223522","2016-05-03 04:06:32.832909"
276,"2016-04-19 04:15:01.223523","2016-05-03 04:06:32.901481"
276,"2016-04-19 04:15:01.223524","2016-05-03 04:06:32.967690"
276,"2016-04-19 04:15:01.223525","2016-05-03 04:06:33.034277"
276,"2016-04-19 04:15:01.223526","2016-05-03 04:06:33.109304"
276,"2016-04-19 04:15:01.223527","2016-05-03 04:06:33.176004"
276,"2016-04-19 04:15:01.223528","2016-05-03 04:06:33.242587"
276,"2016-04-19 04:15:01.223529","2016-05-03 04:06:33.309305"
276,"2016-04-19 04:15:01.223530","2016-05-03 04:06:33.376000"
276,"2016-04-19 04:15:01.223531","2016-05-03 04:06:33.451156"
276,"2016-04-19 04:15:01.223532","2016-05-03 04:06:33.517832"
276,"2016-04-19 04:15:01.223533","2016-05-03 04:06:33.584299"
276,"2016-04-19 04:15:01.223534","2016-05-03 04:06:33.651643"
276,"2016-04-19 04:15:01.223535","2016-05-03 04:06:33.734464"
276,"2016-04-19 04:15:01.223536","2016-05-03 04:06:33.818255"
276,"2016-04-19 04:15:01.223537","2016-05-03 04:06:33.920587"
276,"2016-04-19 04:15:01.223538","2016-05-03 04:06:33.992780"
276,"2016-04-19 04:15:01.223539","2016-05-03 04:06:34.059482"
276,"2016-04-19 04:15:01.223540","2016-05-03 04:06:34.126066"
276,"2016-04-19 04:15:01.223541","2016-05-03 04:06:34.192732"
274,"2016-05-03 04:36:40.124259","2016-05-03 04:36:40.124259"
224,"2016-05-03 04:37:06.903281","2016-05-03 04:37:06.903281"
224,"2016-05-03 04:41:19.334752","2016-05-03 04:41:19.334752"
224,"2016-05-03 04:46:54.385350","2016-05-03 04:46:54.385350"
224,"2016-05-03 04:46:54.463010","2016-05-03 04:46:54.463010"
224,"2016-05-03 04:46:54.562916","2016-05-03 04:46:54.562916"
224,"2016-05-03 04:46:54.636170","2016-05-03 04:46:54.636170"
224,"2016-05-03 04:46:54.712537","2016-05-03 04:46:54.712537"
224,"2016-05-03 04:46:54.834178","2016-05-03 04:46:54.834178"
224,"2016-05-03 04:46:54.927609","2016-05-03 04:46:54.927609"
224,"2016-05-03 04:46:54.994293","2016-05-03 04:46:54.994293"
224,"2016-05-03 04:46:55.077643","2016-05-03 04:46:55.077643"
224,"2016-05-03 04:46:55.177669","2016-05-03 04:46:55.177669"
224,"2016-05-03 04:46:55.253233","2016-05-03 04:46:55.253233"
224,"2016-05-03 04:46:55.327623","2016-05-03 04:46:55.327623"
224,"2016-05-03 04:46:55.427651","2016-05-03 04:46:55.427651"
224,"2016-05-03 04:46:55.511196","2016-05-03 04:46:55.511196"
224,"2016-05-03 04:46:55.594370","2016-05-03 04:46:55.594370"
224,"2016-05-03 04:46:55.687972","2016-05-03 04:46:55.687972"
224,"2016-05-03 04:46:55.752937","2016-05-03 04:46:55.752937"
224,"2016-05-03 04:46:55.828240","2016-05-03 04:46:55.828240"
224,"2016-05-03 04:46:55.927657","2016-05-03 04:46:55.927657"
224,"2016-05-03 04:46:56.011336","2016-05-03 04:46:56.011336"
224,"2016-05-03 04:46:56.115666","2016-05-03 04:46:56.115666"
224,"2016-05-03 04:46:56.186151","2016-05-03 04:46:56.186151"
224,"2016-05-03 04:46:56.278179","2016-05-03 04:46:56.278179"
224,"2016-05-03 04:46:56.345108","2016-05-03 04:46:56.345108"
224,"2016-05-03 04:46:56.419557","2016-05-03 04:46:56.419557"
224,"2016-05-03 04:46:56.502829","2016-05-03 04:46:56.502829"
224,"2016-05-03 04:46:56.586132","2016-05-03 04:46:56.586132"
224,"2016-05-03 04:46:56.669451","2016-05-03 04:46:56.669451"
224,"2016-05-03 04:46:56.752867","2016-05-03 04:46:56.752867"
224,"2016-05-03 04:46:56.829475","2016-05-03 04:46:56.829475"
224,"2016-05-03 04:46:56.903203","2016-05-03 04:46:56.903203"
224,"2016-05-03 04:46:57.002819","2016-05-03 04:46:57.002819"
224,"2016-05-03 04:46:57.086985","2016-05-03 04:46:57.086985"
224,"2016-05-03 04:46:57.161353","2016-05-03 04:46:57.161353"
224,"2016-05-03 04:46:57.244874","2016-05-03 04:46:57.244874"
224,"2016-05-03 04:46:57.364823","2016-05-03 04:46:57.364823"
224,"2016-05-03 04:46:57.461179","2016-05-03 04:46:57.461179"
224,"2016-05-03 04:46:57.537202","2016-05-03 04:46:57.537202"
224,"2016-05-03 04:46:57.620489","2016-05-03 04:46:57.620489"
224,"2016-05-03 04:46:57.721306","2016-05-03 04:46:57.721306"
224,"2016-05-03 04:46:57.803573","2016-05-03 04:46:57.803573"
224,"2016-05-03 04:46:57.877932","2016-05-03 04:46:57.877932"
224,"2016-05-03 04:46:57.961262","2016-05-03 04:46:57.961262"
224,"2016-05-03 04:46:58.037518","2016-05-03 04:46:58.037518"
224,"2016-05-03 04:46:58.111181","2016-05-03 04:46:58.111181"
224,"2016-05-03 04:46:58.211239","2016-05-03 04:46:58.211239"
224,"2016-05-03 04:46:58.294667","2016-05-03 04:46:58.294667"
224,"2016-05-03 04:46:58.370541","2016-05-03 04:46:58.370541"
224,"2016-05-03 04:46:58.461805","2016-05-03 04:46:58.461805"
224,"2016-05-03 04:46:58.536172","2016-05-03 04:46:58.536172"
224,"2016-05-03 04:46:58.636795","2016-05-03 04:46:58.636795"
224,"2016-05-03 04:46:58.719574","2016-05-03 04:46:58.719574"
224,"2016-05-03 04:46:58.812262","2016-05-03 04:46:58.812262"
224,"2016-05-03 04:46:58.895125","2016-05-03 04:46:58.895125"
224,"2016-05-03 04:46:58.969634","2016-05-03 04:46:58.969634"
224,"2016-05-03 04:46:59.061914","2016-05-03 04:46:59.061914"
224,"2016-05-03 04:46:59.153048","2016-05-03 04:46:59.153048"
224,"2016-05-03 04:46:59.229305","2016-05-03 04:46:59.229305"
224,"2016-05-03 04:46:59.329799","2016-05-03 04:46:59.329799"
224,"2016-05-03 04:46:59.403002","2016-05-03 04:46:59.403002"
274,"2016-05-03 04:47:08.538480","2016-05-03 04:47:08.538480"
274,"2016-05-03 04:47:08.621028","2016-05-03 04:47:08.621028"
274,"2016-05-03 04:47:08.712317","2016-05-03 04:47:08.712317"
274,"2016-05-03 04:47:08.778940","2016-05-03 04:47:08.778940"
274,"2016-05-03 04:47:08.845517","2016-05-03 04:47:08.845517"
274,"2016-05-03 04:47:08.946270","2016-05-03 04:47:08.946270"
274,"2016-05-03 04:47:09.020519","2016-05-03 04:47:09.020519"
274,"2016-05-03 04:47:09.103840","2016-05-03 04:47:09.103840"
274,"2016-05-03 04:47:09.170814","2016-05-03 04:47:09.170814"
274,"2016-05-03 04:47:09.270613","2016-05-03 04:47:09.270613"
274,"2016-05-03 04:47:09.345936","2016-05-03 04:47:09.345936"
274,"2016-05-03 04:47:09.420935","2016-05-03 04:47:09.420935"
274,"2016-05-03 04:47:09.537809","2016-05-03 04:47:09.537809"
274,"2016-05-03 04:47:09.612434","2016-05-03 04:47:09.612434"
274,"2016-05-03 04:47:09.687482","2016-05-03 04:47:09.687482"
274,"2016-05-03 04:47:09.787274","2016-05-03 04:47:09.787274"
274,"2016-05-03 04:47:09.862132","2016-05-03 04:47:09.862132"
274,"2016-05-03 04:47:09.938067","2016-05-03 04:47:09.938067"
274,"2016-05-03 04:47:10.012222","2016-05-03 04:47:10.012222"
274,"2016-05-03 04:47:10.087549","2016-05-03 04:47:10.087549"
274,"2016-05-03 04:47:10.187506","2016-05-03 04:47:10.187506"
274,"2016-05-03 04:47:10.271796","2016-05-03 04:47:10.271796"
274,"2016-05-03 04:47:10.362234","2016-05-03 04:47:10.362234"
274,"2016-05-03 04:47:10.429002","2016-05-03 04:47:10.429002"
274,"2016-05-03 04:47:10.496300","2016-05-03 04:47:10.496300"
274,"2016-05-03 04:47:10.573081","2016-05-03 04:47:10.573081"
274,"2016-05-03 04:47:10.662920","2016-05-03 04:47:10.662920"
274,"2016-05-03 04:47:10.737357","2016-05-03 04:47:10.737357"
274,"2016-05-03 04:47:10.829026","2016-05-03 04:47:10.829026"
274,"2016-05-03 04:47:10.895654","2016-05-03 04:47:10.895654"
274,"2016-05-03 04:47:10.970681","2016-05-03 04:47:10.970681"
274,"2016-05-03 04:47:11.062406","2016-05-03 04:47:11.062406"
274,"2016-05-03 04:47:11.145893","2016-05-03 04:47:11.145893"
274,"2016-05-03 04:47:11.221025","2016-05-03 04:47:11.221025"
274,"2016-05-03 04:47:11.312322","2016-05-03 04:47:11.312322"
274,"2016-05-03 04:47:11.416347","2016-05-03 04:47:11.416347"
274,"2016-05-03 04:47:11.504682","2016-05-03 04:47:11.504682"
274,"2016-05-03 04:47:11.596012","2016-05-03 04:47:11.596012"
274,"2016-05-03 04:47:11.671145","2016-05-03 04:47:11.671145"
274,"2016-05-03 04:47:11.754302","2016-05-03 04:47:11.754302"
274,"2016-05-03 04:47:11.845804","2016-05-03 04:47:11.845804"
274,"2016-05-03 04:47:11.920793","2016-05-03 04:47:11.920793"
274,"2016-05-03 04:47:11.995744","2016-05-03 04:47:11.995744"
274,"2016-05-03 04:47:12.179183","2016-05-03 04:47:12.179183"
274,"2016-05-03 04:47:12.263014","2016-05-03 04:47:12.263014"
274,"2016-05-03 04:47:12.329146","2016-05-03 04:47:12.329146"
274,"2016-05-03 04:47:12.412481","2016-05-03 04:47:12.412481"
274,"2016-05-03 04:47:12.479146","2016-05-03 04:47:12.479146"
274,"2016-05-03 04:47:12.545822","2016-05-03 04:47:12.545822"
274,"2016-05-03 04:47:12.646024","2016-05-03 04:47:12.646024"
274,"2016-05-03 04:47:12.748511","2016-05-03 04:47:12.748511"
274,"2016-05-03 04:47:12.839607","2016-05-03 04:47:12.839607"
274,"2016-05-03 04:47:12.939140","2016-05-03 04:47:12.939140"
274,"2016-05-03 04:47:13.012538","2016-05-03 04:47:13.012538"
274,"2016-05-03 04:47:13.107104","2016-05-03 04:47:13.107104"
274,"2016-05-03 04:47:13.179289","2016-05-03 04:47:13.179289"
274,"2016-05-03 04:47:13.271212","2016-05-03 04:47:13.271212"
274,"2016-05-03 04:47:13.347241","2016-05-03 04:47:13.347241"
274,"2016-05-03 04:47:13.420951","2016-05-03 04:47:13.420951"
274,"2016-05-03 04:47:13.529880","2016-05-03 04:47:13.529880"
274,"2016-05-03 04:47:59.918848","2016-05-03 04:47:59.918848"
221,"2016-05-03 15:52:19.057007","2016-05-03 15:52:19.057007"
271,"2016-05-04 04:46:31.726610","2016-05-04 04:46:31.726610"
201,"2016-05-05 14:02:32.911052","2016-05-05 14:02:32.911052"
256,"2016-05-05 14:06:53.990397","2016-05-05 14:06:53.990397"
